{"cameraMode":{"drawMode":0,"name":"Shaded","section":"Shading Mode"},"sceneLighting":true,"audioPlay":false,"sceneViewState":{"showFog":false,"showMaterialUpdate":false,"showSkybox":false,"showFlares":false,"showImageEffects":false,"showParticleSystems":false},"in2DMode":false,"pivot":{"x":-82.26905059814453,"y":-59.60599136352539,"z":75.89801788330078},"rotation":{"x":0.24966900050640107,"y":-0.21396635472774507,"z":0.056664545089006427,"w":0.9427067041397095},"size":14.393418312072754,"orthographic":false}