{"cameraMode":{"drawMode":0,"name":"Shaded","section":"Shading Mode"},"sceneLighting":true,"audioPlay":false,"sceneViewState":{"showFog":false,"showMaterialUpdate":false,"showSkybox":false,"showFlares":false,"showImageEffects":false,"showParticleSystems":false},"in2DMode":false,"pivot":{"x":-37.89352798461914,"y":8.317411422729493,"z":0.18047939240932465},"rotation":{"x":0.0470622219145298,"y":0.026965193450450898,"z":-0.0013193105114623905,"w":0.9985491037368774},"size":6.50607967376709,"orthographic":false}