{"cameraMode":{"drawMode":0,"name":"Shaded","section":"Shading Mode"},"sceneLighting":true,"audioPlay":false,"sceneViewState":{"showFog":false,"showMaterialUpdate":false,"showSkybox":false,"showFlares":false,"showImageEffects":false,"showParticleSystems":false},"in2DMode":false,"pivot":{"x":-14.703047752380371,"y":3.8414318561553957,"z":16.60663604736328},"rotation":{"x":0.038622017949819568,"y":0.9430753588676453,"z":-0.30855000019073489,"w":0.11803221702575684},"size":3.8735761642456056,"orthographic":false}