{"cameraMode":{"drawMode":0,"name":"Shaded","section":"Shading Mode"},"sceneLighting":true,"audioPlay":false,"sceneViewState":{"showFog":true,"showMaterialUpdate":true,"showSkybox":true,"showFlares":true,"showImageEffects":true,"showParticleSystems":true},"in2DMode":false,"pivot":{"x":1.8605842590332032,"y":-1.3705651760101319,"z":1.6488652229309083},"rotation":{"x":0.2697041928768158,"y":-0.22713829576969148,"z":0.0655788704752922,"w":0.9334803819656372},"size":7.584768295288086,"orthographic":false}